"module name","license","repository"
"@aashutoshrathi/word-wrap@1.2.6","MIT","https://github.com/aashutoshrathi/word-wrap"
"@ampproject/remapping@2.3.0","Apache-2.0","https://github.com/ampproject/remapping"
"@angular-devkit/architect@0.1802.12","MIT","https://github.com/angular/angular-cli"
"@angular-devkit/build-angular@18.2.12","MIT","https://github.com/angular/angular-cli"
"@angular-devkit/build-webpack@0.1802.12","MIT","https://github.com/angular/angular-cli"
"@angular-devkit/core@18.2.12","MIT","https://github.com/angular/angular-cli"
"@angular-devkit/schematics@18.2.12","MIT","https://github.com/angular/angular-cli"
"@angular-eslint/builder@18.2.0","MIT","https://github.com/angular-eslint/angular-eslint"
"@angular-eslint/bundled-angular-compiler@18.2.0","MIT","https://github.com/angular-eslint/angular-eslint"
"@angular-eslint/bundled-angular-compiler@18.4.1","MIT","https://github.com/angular-eslint/angular-eslint"
"@angular-eslint/eslint-plugin-template@18.2.0","MIT","https://github.com/angular-eslint/angular-eslint"
"@angular-eslint/eslint-plugin-template@18.4.1","MIT","https://github.com/angular-eslint/angular-eslint"
"@angular-eslint/eslint-plugin@18.2.0","MIT","https://github.com/angular-eslint/angular-eslint"
"@angular-eslint/eslint-plugin@18.4.1","MIT","https://github.com/angular-eslint/angular-eslint"
"@angular-eslint/schematics@18.4.1","MIT","https://github.com/angular-eslint/angular-eslint"
"@angular-eslint/template-parser@18.2.0","MIT","https://github.com/angular-eslint/angular-eslint"
"@angular-eslint/utils@18.2.0","MIT","https://github.com/angular-eslint/angular-eslint"
"@angular-eslint/utils@18.4.1","MIT","https://github.com/angular-eslint/angular-eslint"
"@angular/animations@18.2.13","MIT","https://github.com/angular/angular"
"@angular/build@18.2.12","MIT","https://github.com/angular/angular-cli"
"@angular/cdk@18.2.14","MIT","https://github.com/angular/components"
"@angular/cli@18.2.12","MIT","https://github.com/angular/angular-cli"
"@angular/common@18.2.13","MIT","https://github.com/angular/angular"
"@angular/compiler-cli@18.2.13","MIT","https://github.com/angular/angular"
"@angular/compiler@18.2.13","MIT","https://github.com/angular/angular"
"@angular/core@18.2.13","MIT","https://github.com/angular/angular"
"@angular/forms@18.2.13","MIT","https://github.com/angular/angular"
"@angular/localize@18.2.13","MIT","https://github.com/angular/angular"
"@angular/material@18.2.14","MIT","https://github.com/angular/components"
"@angular/platform-browser-dynamic@18.2.13","MIT","https://github.com/angular/angular"
"@angular/platform-browser@18.2.13","MIT","https://github.com/angular/angular"
"@angular/router@18.2.13","MIT","https://github.com/angular/angular"
"@babel/code-frame@7.26.2","MIT","https://github.com/babel/babel"
"@babel/compat-data@7.26.2","MIT","https://github.com/babel/babel"
"@babel/core@7.25.2","MIT","https://github.com/babel/babel"
"@babel/generator@7.25.0","MIT","https://github.com/babel/babel"
"@babel/generator@7.26.2","MIT","https://github.com/babel/babel"
"@babel/helper-annotate-as-pure@7.24.7","MIT","https://github.com/babel/babel"
"@babel/helper-annotate-as-pure@7.25.9","MIT","https://github.com/babel/babel"
"@babel/helper-builder-binary-assignment-operator-visitor@7.25.9","MIT","https://github.com/babel/babel"
"@babel/helper-compilation-targets@7.25.9","MIT","https://github.com/babel/babel"
"@babel/helper-create-class-features-plugin@7.25.9","MIT","https://github.com/babel/babel"
"@babel/helper-create-regexp-features-plugin@7.25.9","MIT","https://github.com/babel/babel"
"@babel/helper-define-polyfill-provider@0.6.3","MIT","https://github.com/babel/babel-polyfills"
"@babel/helper-member-expression-to-functions@7.25.9","MIT","https://github.com/babel/babel"
"@babel/helper-module-imports@7.25.9","MIT","https://github.com/babel/babel"
"@babel/helper-module-transforms@7.26.0","MIT","https://github.com/babel/babel"
"@babel/helper-optimise-call-expression@7.25.9","MIT","https://github.com/babel/babel"
"@babel/helper-plugin-utils@7.25.9","MIT","https://github.com/babel/babel"
"@babel/helper-remap-async-to-generator@7.25.9","MIT","https://github.com/babel/babel"
"@babel/helper-replace-supers@7.25.9","MIT","https://github.com/babel/babel"
"@babel/helper-simple-access@7.25.9","MIT","https://github.com/babel/babel"
"@babel/helper-skip-transparent-expression-wrappers@7.25.9","MIT","https://github.com/babel/babel"
"@babel/helper-split-export-declaration@7.24.7","MIT","https://github.com/babel/babel"
"@babel/helper-string-parser@7.25.9","MIT","https://github.com/babel/babel"
"@babel/helper-validator-identifier@7.25.9","MIT","https://github.com/babel/babel"
"@babel/helper-validator-option@7.25.9","MIT","https://github.com/babel/babel"
"@babel/helper-wrap-function@7.25.9","MIT","https://github.com/babel/babel"
"@babel/helpers@7.26.0","MIT","https://github.com/babel/babel"
"@babel/parser@7.26.2","MIT","https://github.com/babel/babel"
"@babel/plugin-bugfix-firefox-class-in-computed-class-key@7.25.9","MIT","https://github.com/babel/babel"
"@babel/plugin-bugfix-safari-class-field-initializer-scope@7.25.9","MIT","https://github.com/babel/babel"
"@babel/plugin-bugfix-safari-id-destructuring-collision-in-function-expression@7.25.9","MIT","https://github.com/babel/babel"
"@babel/plugin-bugfix-v8-spread-parameters-in-optional-chaining@7.25.9","MIT","https://github.com/babel/babel"
"@babel/plugin-bugfix-v8-static-class-fields-redefine-readonly@7.25.9","MIT","https://github.com/babel/babel"
"@babel/plugin-proposal-private-property-in-object@7.21.0-placeholder-for-preset-env.2","MIT","https://github.com/babel/babel-plugin-proposal-private-property-in-object"
"@babel/plugin-syntax-async-generators@7.8.4","MIT","https://github.com/babel/babel/tree/master/packages/babel-plugin-syntax-async-generators"
"@babel/plugin-syntax-class-properties@7.12.13","MIT","https://github.com/babel/babel"
"@babel/plugin-syntax-class-static-block@7.14.5","MIT","https://github.com/babel/babel"
"@babel/plugin-syntax-dynamic-import@7.8.3","MIT","https://github.com/babel/babel/tree/master/packages/babel-plugin-syntax-dynamic-import"
"@babel/plugin-syntax-export-namespace-from@7.8.3","MIT","https://github.com/babel/babel/tree/master/packages/babel-plugin-syntax-export-namespace-from"
"@babel/plugin-syntax-import-assertions@7.26.0","MIT","https://github.com/babel/babel"
"@babel/plugin-syntax-import-attributes@7.24.7","MIT","https://github.com/babel/babel"
"@babel/plugin-syntax-import-meta@7.10.4","MIT","https://github.com/babel/babel"
"@babel/plugin-syntax-json-strings@7.8.3","MIT","https://github.com/babel/babel/tree/master/packages/babel-plugin-syntax-json-strings"
"@babel/plugin-syntax-logical-assignment-operators@7.10.4","MIT","https://github.com/babel/babel"
"@babel/plugin-syntax-nullish-coalescing-operator@7.8.3","MIT","https://github.com/babel/babel/tree/master/packages/babel-plugin-syntax-nullish-coalescing-operator"
"@babel/plugin-syntax-numeric-separator@7.10.4","MIT","https://github.com/babel/babel"
"@babel/plugin-syntax-object-rest-spread@7.8.3","MIT","https://github.com/babel/babel/tree/master/packages/babel-plugin-syntax-object-rest-spread"
"@babel/plugin-syntax-optional-catch-binding@7.8.3","MIT","https://github.com/babel/babel/tree/master/packages/babel-plugin-syntax-optional-catch-binding"
"@babel/plugin-syntax-optional-chaining@7.8.3","MIT","https://github.com/babel/babel/tree/master/packages/babel-plugin-syntax-optional-chaining"
"@babel/plugin-syntax-private-property-in-object@7.14.5","MIT","https://github.com/babel/babel"
"@babel/plugin-syntax-top-level-await@7.14.5","MIT","https://github.com/babel/babel"
"@babel/plugin-syntax-unicode-sets-regex@7.18.6","MIT","https://github.com/babel/babel"
"@babel/plugin-transform-arrow-functions@7.25.9","MIT","https://github.com/babel/babel"
"@babel/plugin-transform-async-generator-functions@7.25.0","MIT","https://github.com/babel/babel"
"@babel/plugin-transform-async-to-generator@7.24.7","MIT","https://github.com/babel/babel"
"@babel/plugin-transform-block-scoped-functions@7.25.9","MIT","https://github.com/babel/babel"
"@babel/plugin-transform-block-scoping@7.25.9","MIT","https://github.com/babel/babel"
"@babel/plugin-transform-class-properties@7.25.9","MIT","https://github.com/babel/babel"
"@babel/plugin-transform-class-static-block@7.26.0","MIT","https://github.com/babel/babel"
"@babel/plugin-transform-classes@7.25.9","MIT","https://github.com/babel/babel"
"@babel/plugin-transform-computed-properties@7.25.9","MIT","https://github.com/babel/babel"
"@babel/plugin-transform-destructuring@7.25.9","MIT","https://github.com/babel/babel"
"@babel/plugin-transform-dotall-regex@7.25.9","MIT","https://github.com/babel/babel"
"@babel/plugin-transform-duplicate-keys@7.25.9","MIT","https://github.com/babel/babel"
"@babel/plugin-transform-duplicate-named-capturing-groups-regex@7.25.9","MIT","https://github.com/babel/babel"
"@babel/plugin-transform-dynamic-import@7.25.9","MIT","https://github.com/babel/babel"
"@babel/plugin-transform-exponentiation-operator@7.25.9","MIT","https://github.com/babel/babel"
"@babel/plugin-transform-export-namespace-from@7.25.9","MIT","https://github.com/babel/babel"
"@babel/plugin-transform-for-of@7.25.9","MIT","https://github.com/babel/babel"
"@babel/plugin-transform-function-name@7.25.9","MIT","https://github.com/babel/babel"
"@babel/plugin-transform-json-strings@7.25.9","MIT","https://github.com/babel/babel"
"@babel/plugin-transform-literals@7.25.9","MIT","https://github.com/babel/babel"
"@babel/plugin-transform-logical-assignment-operators@7.25.9","MIT","https://github.com/babel/babel"
"@babel/plugin-transform-member-expression-literals@7.25.9","MIT","https://github.com/babel/babel"
"@babel/plugin-transform-modules-amd@7.25.9","MIT","https://github.com/babel/babel"
"@babel/plugin-transform-modules-commonjs@7.25.9","MIT","https://github.com/babel/babel"
"@babel/plugin-transform-modules-systemjs@7.25.9","MIT","https://github.com/babel/babel"
"@babel/plugin-transform-modules-umd@7.25.9","MIT","https://github.com/babel/babel"
"@babel/plugin-transform-named-capturing-groups-regex@7.25.9","MIT","https://github.com/babel/babel"
"@babel/plugin-transform-new-target@7.25.9","MIT","https://github.com/babel/babel"
"@babel/plugin-transform-nullish-coalescing-operator@7.25.9","MIT","https://github.com/babel/babel"
"@babel/plugin-transform-numeric-separator@7.25.9","MIT","https://github.com/babel/babel"
"@babel/plugin-transform-object-rest-spread@7.25.9","MIT","https://github.com/babel/babel"
"@babel/plugin-transform-object-super@7.25.9","MIT","https://github.com/babel/babel"
"@babel/plugin-transform-optional-catch-binding@7.25.9","MIT","https://github.com/babel/babel"
"@babel/plugin-transform-optional-chaining@7.25.9","MIT","https://github.com/babel/babel"
"@babel/plugin-transform-parameters@7.25.9","MIT","https://github.com/babel/babel"
"@babel/plugin-transform-private-methods@7.25.9","MIT","https://github.com/babel/babel"
"@babel/plugin-transform-private-property-in-object@7.25.9","MIT","https://github.com/babel/babel"
"@babel/plugin-transform-property-literals@7.25.9","MIT","https://github.com/babel/babel"
"@babel/plugin-transform-regenerator@7.25.9","MIT","https://github.com/babel/babel"
"@babel/plugin-transform-reserved-words@7.25.9","MIT","https://github.com/babel/babel"
"@babel/plugin-transform-runtime@7.24.7","MIT","https://github.com/babel/babel"
"@babel/plugin-transform-shorthand-properties@7.25.9","MIT","https://github.com/babel/babel"
"@babel/plugin-transform-spread@7.25.9","MIT","https://github.com/babel/babel"
"@babel/plugin-transform-sticky-regex@7.25.9","MIT","https://github.com/babel/babel"
"@babel/plugin-transform-template-literals@7.25.9","MIT","https://github.com/babel/babel"
"@babel/plugin-transform-typeof-symbol@7.25.9","MIT","https://github.com/babel/babel"
"@babel/plugin-transform-unicode-escapes@7.25.9","MIT","https://github.com/babel/babel"
"@babel/plugin-transform-unicode-property-regex@7.25.9","MIT","https://github.com/babel/babel"
"@babel/plugin-transform-unicode-regex@7.25.9","MIT","https://github.com/babel/babel"
"@babel/plugin-transform-unicode-sets-regex@7.25.9","MIT","https://github.com/babel/babel"
"@babel/preset-env@7.25.3","MIT","https://github.com/babel/babel"
"@babel/preset-modules@0.1.6-no-external-plugins","MIT","https://github.com/babel/preset-modules"
"@babel/runtime@7.25.0","MIT","https://github.com/babel/babel"
"@babel/template@7.25.9","MIT","https://github.com/babel/babel"
"@babel/traverse@7.25.9","MIT","https://github.com/babel/babel"
"@babel/types@7.26.0","MIT","https://github.com/babel/babel"
"@colors/colors@1.5.0","MIT","https://github.com/DABH/colors.js"
"@discoveryjs/json-ext@0.6.1","MIT","https://github.com/discoveryjs/json-ext"
"@emnapi/core@1.3.1","MIT","https://github.com/toyobayashi/emnapi"
"@emnapi/runtime@1.3.1","MIT","https://github.com/toyobayashi/emnapi"
"@emnapi/wasi-threads@1.0.1","MIT","https://github.com/toyobayashi/emnapi"
"@esbuild/linux-x64@0.21.5","MIT","https://github.com/evanw/esbuild"
"@esbuild/linux-x64@0.23.0","MIT","https://github.com/evanw/esbuild"
"@eslint-community/eslint-utils@4.4.0","MIT","https://github.com/eslint-community/eslint-utils"
"@eslint-community/regexpp@4.12.1","MIT","https://github.com/eslint-community/regexpp"
"@eslint/config-array@0.19.0","Apache-2.0","https://github.com/eslint/rewrite"
"@eslint/core@0.9.0","Apache-2.0","https://github.com/eslint/rewrite"
"@eslint/eslintrc@3.2.0","MIT","https://github.com/eslint/eslintrc"
"@eslint/js@9.15.0","MIT","https://github.com/eslint/eslint"
"@eslint/object-schema@2.1.4","Apache-2.0","https://github.com/eslint/rewrite"
"@eslint/plugin-kit@0.2.3","Apache-2.0","https://github.com/eslint/rewrite"
"@humanfs/core@0.19.1","Apache-2.0","https://github.com/humanwhocodes/humanfs"
"@humanfs/node@0.16.6","Apache-2.0","https://github.com/humanwhocodes/humanfs"
"@humanwhocodes/module-importer@1.0.1","Apache-2.0","https://github.com/humanwhocodes/module-importer"
"@humanwhocodes/retry@0.3.1","Apache-2.0","https://github.com/humanwhocodes/retry"
"@humanwhocodes/retry@0.4.1","Apache-2.0","https://github.com/humanwhocodes/retry"
"@inquirer/checkbox@2.5.0","MIT","https://github.com/SBoudrias/Inquirer.js"
"@inquirer/confirm@3.1.22","MIT","https://github.com/SBoudrias/Inquirer.js"
"@inquirer/core@9.2.1","MIT","https://github.com/SBoudrias/Inquirer.js"
"@inquirer/editor@2.2.0","MIT","https://github.com/SBoudrias/Inquirer.js"
"@inquirer/expand@2.3.0","MIT","https://github.com/SBoudrias/Inquirer.js"
"@inquirer/figures@1.0.8","MIT","https://github.com/SBoudrias/Inquirer.js"
"@inquirer/input@2.3.0","MIT","https://github.com/SBoudrias/Inquirer.js"
"@inquirer/number@1.1.0","MIT","https://github.com/SBoudrias/Inquirer.js"
"@inquirer/password@2.2.0","MIT","https://github.com/SBoudrias/Inquirer.js"
"@inquirer/prompts@5.3.8","MIT","https://github.com/SBoudrias/Inquirer.js"
"@inquirer/rawlist@2.3.0","MIT","https://github.com/SBoudrias/Inquirer.js"
"@inquirer/search@1.1.0","MIT","https://github.com/SBoudrias/Inquirer.js"
"@inquirer/select@2.5.0","MIT","https://github.com/SBoudrias/Inquirer.js"
"@inquirer/type@1.5.5","MIT","https://github.com/SBoudrias/Inquirer.js"
"@inquirer/type@2.0.0","MIT","https://github.com/SBoudrias/Inquirer.js"
"@isaacs/cliui@8.0.2","ISC","https://github.com/yargs/cliui"
"@istanbuljs/schema@0.1.3","MIT","https://github.com/istanbuljs/schema"
"@jest/schemas@29.6.3","MIT","https://github.com/jestjs/jest"
"@jridgewell/gen-mapping@0.3.5","MIT","https://github.com/jridgewell/gen-mapping"
"@jridgewell/resolve-uri@3.1.2","MIT","https://github.com/jridgewell/resolve-uri"
"@jridgewell/set-array@1.2.1","MIT","https://github.com/jridgewell/set-array"
"@jridgewell/source-map@0.3.6","MIT","https://github.com/jridgewell/source-map"
"@jridgewell/sourcemap-codec@1.5.0","MIT","https://github.com/jridgewell/sourcemap-codec"
"@jridgewell/trace-mapping@0.3.25","MIT","https://github.com/jridgewell/trace-mapping"
"@jsonjoy.com/base64@1.1.2","Apache-2.0","https://github.com/jsonjoy-com/base64"
"@jsonjoy.com/json-pack@1.1.0","Apache-2.0","https://github.com/jsonjoy-com/json-pack"
"@jsonjoy.com/util@1.5.0","Apache-2.0","https://github.com/jsonjoy-com/util"
"@leichtgewicht/ip-codec@2.0.5","MIT","https://github.com/martinheidegger/ip-codec"
"@listr2/prompt-adapter-inquirer@2.0.15","MIT","https://github.com/listr2/listr2"
"@lmdb/lmdb-linux-x64@3.0.13","MIT","https://github.com/kriszyp/lmdb-js"
"@msgpackr-extract/msgpackr-extract-linux-x64@3.0.3","MIT","https://github.com/kriszyp/msgpackr-extract"
"@napi-rs/wasm-runtime@0.2.4","MIT","https://github.com/napi-rs/napi-rs"
"@ng-bootstrap/ng-bootstrap@17.0.1","MIT","https://github.com/ng-bootstrap/ng-bootstrap"
"@ngtools/webpack@18.2.12","MIT","https://github.com/angular/angular-cli"
"@ngx-translate/core@16.0.4","MIT",""
"@ngx-translate/http-loader@16.0.1","MIT",""
"@nodelib/fs.scandir@2.1.5","MIT","https://github.com/nodelib/nodelib/tree/master/packages/fs/fs.scandir"
"@nodelib/fs.stat@2.0.5","MIT","https://github.com/nodelib/nodelib/tree/master/packages/fs/fs.stat"
"@nodelib/fs.walk@1.2.8","MIT","https://github.com/nodelib/nodelib/tree/master/packages/fs/fs.walk"
"@npmcli/agent@2.2.2","ISC","https://github.com/npm/agent"
"@npmcli/fs@3.1.1","ISC","https://github.com/npm/fs"
"@npmcli/git@5.0.8","ISC","https://github.com/npm/git"
"@npmcli/installed-package-contents@2.1.0","ISC","https://github.com/npm/installed-package-contents"
"@npmcli/node-gyp@3.0.0","ISC","https://github.com/npm/node-gyp"
"@npmcli/package-json@5.2.1","ISC","https://github.com/npm/package-json"
"@npmcli/promise-spawn@7.0.2","ISC","https://github.com/npm/promise-spawn"
"@npmcli/redact@2.0.1","ISC","https://github.com/npm/redact"
"@npmcli/run-script@8.1.0","ISC","https://github.com/npm/run-script"
"@nrwl/devkit@19.8.11","MIT","https://github.com/nrwl/nx"
"@nrwl/tao@19.8.11","MIT","https://github.com/nrwl/nx"
"@nx/devkit@19.8.11","MIT","https://github.com/nrwl/nx"
"@nx/nx-linux-x64-gnu@19.8.11","MIT","https://github.com/nrwl/nx"
"@nx/nx-linux-x64-musl@19.8.11","MIT","https://github.com/nrwl/nx"
"@pkgjs/parseargs@0.11.0","MIT","https://github.com/pkgjs/parseargs"
"@popperjs/core@2.11.8","MIT","https://github.com/popperjs/popper-core"
"@rollup/rollup-linux-x64-gnu@4.22.4","MIT","https://github.com/rollup/rollup"
"@rollup/rollup-linux-x64-musl@4.22.4","MIT","https://github.com/rollup/rollup"
"@schematics/angular@18.2.12","MIT","https://github.com/angular/angular-cli"
"@sigstore/bundle@2.3.2","Apache-2.0","https://github.com/sigstore/sigstore-js"
"@sigstore/core@1.1.0","Apache-2.0","https://github.com/sigstore/sigstore-js"
"@sigstore/protobuf-specs@0.3.2","Apache-2.0","https://github.com/sigstore/protobuf-specs"
"@sigstore/sign@2.3.2","Apache-2.0","https://github.com/sigstore/sigstore-js"
"@sigstore/tuf@2.3.4","Apache-2.0","https://github.com/sigstore/sigstore-js"
"@sigstore/verify@1.2.1","Apache-2.0","https://github.com/sigstore/sigstore-js"
"@sinclair/typebox@0.27.8","MIT","https://github.com/sinclairzx81/typebox"
"@sindresorhus/merge-streams@2.3.0","MIT","https://github.com/sindresorhus/merge-streams"
"@socket.io/component-emitter@3.1.0","MIT","https://github.com/socketio/emitter"
"@tufjs/canonical-json@2.0.0","MIT","https://github.com/theupdateframework/tuf-js"
"@tufjs/models@2.0.1","MIT","https://github.com/theupdateframework/tuf-js"
"@tybys/wasm-util@0.9.0","MIT","https://github.com/toyobayashi/wasm-util"
"@types/babel__core@7.20.5","MIT","https://github.com/DefinitelyTyped/DefinitelyTyped"
"@types/babel__generator@7.6.8","MIT","https://github.com/DefinitelyTyped/DefinitelyTyped"
"@types/babel__template@7.4.4","MIT","https://github.com/DefinitelyTyped/DefinitelyTyped"
"@types/babel__traverse@7.20.5","MIT","https://github.com/DefinitelyTyped/DefinitelyTyped"
"@types/body-parser@1.19.5","MIT","https://github.com/DefinitelyTyped/DefinitelyTyped"
"@types/bonjour@3.5.13","MIT","https://github.com/DefinitelyTyped/DefinitelyTyped"
"@types/connect-history-api-fallback@1.5.4","MIT","https://github.com/DefinitelyTyped/DefinitelyTyped"
"@types/connect@3.4.38","MIT","https://github.com/DefinitelyTyped/DefinitelyTyped"
"@types/cookie@0.4.1","MIT","https://github.com/DefinitelyTyped/DefinitelyTyped"
"@types/cors@2.8.17","MIT","https://github.com/DefinitelyTyped/DefinitelyTyped"
"@types/estree@1.0.5","MIT","https://github.com/DefinitelyTyped/DefinitelyTyped"
"@types/estree@1.0.6","MIT","https://github.com/DefinitelyTyped/DefinitelyTyped"
"@types/express-serve-static-core@4.19.6","MIT","https://github.com/DefinitelyTyped/DefinitelyTyped"
"@types/express-serve-static-core@5.0.1","MIT","https://github.com/DefinitelyTyped/DefinitelyTyped"
"@types/express@4.17.21","MIT","https://github.com/DefinitelyTyped/DefinitelyTyped"
"@types/http-errors@2.0.4","MIT","https://github.com/DefinitelyTyped/DefinitelyTyped"
"@types/http-proxy@1.17.15","MIT","https://github.com/DefinitelyTyped/DefinitelyTyped"
"@types/jasmine@5.1.4","MIT","https://github.com/DefinitelyTyped/DefinitelyTyped"
"@types/json-schema@7.0.15","MIT","https://github.com/DefinitelyTyped/DefinitelyTyped"
"@types/mime@1.3.5","MIT","https://github.com/DefinitelyTyped/DefinitelyTyped"
"@types/mute-stream@0.0.4","MIT","https://github.com/DefinitelyTyped/DefinitelyTyped"
"@types/node-forge@1.3.11","MIT","https://github.com/DefinitelyTyped/DefinitelyTyped"
"@types/node@22.9.1","MIT","https://github.com/DefinitelyTyped/DefinitelyTyped"
"@types/qs@6.9.17","MIT","https://github.com/DefinitelyTyped/DefinitelyTyped"
"@types/range-parser@1.2.7","MIT","https://github.com/DefinitelyTyped/DefinitelyTyped"
"@types/retry@0.12.2","MIT","https://github.com/DefinitelyTyped/DefinitelyTyped"
"@types/send@0.17.4","MIT","https://github.com/DefinitelyTyped/DefinitelyTyped"
"@types/serve-index@1.9.4","MIT","https://github.com/DefinitelyTyped/DefinitelyTyped"
"@types/serve-static@1.15.7","MIT","https://github.com/DefinitelyTyped/DefinitelyTyped"
"@types/sockjs@0.3.36","MIT","https://github.com/DefinitelyTyped/DefinitelyTyped"
"@types/wrap-ansi@3.0.0","MIT","https://github.com/DefinitelyTyped/DefinitelyTyped"
"@types/ws@8.5.13","MIT","https://github.com/DefinitelyTyped/DefinitelyTyped"
"@typescript-eslint/eslint-plugin@8.15.0","MIT","https://github.com/typescript-eslint/typescript-eslint"
"@typescript-eslint/parser@8.15.0","BSD-2-Clause","https://github.com/typescript-eslint/typescript-eslint"
"@typescript-eslint/scope-manager@8.15.0","MIT","https://github.com/typescript-eslint/typescript-eslint"
"@typescript-eslint/type-utils@8.15.0","MIT","https://github.com/typescript-eslint/typescript-eslint"
"@typescript-eslint/types@8.15.0","MIT","https://github.com/typescript-eslint/typescript-eslint"
"@typescript-eslint/typescript-estree@8.15.0","BSD-2-Clause","https://github.com/typescript-eslint/typescript-eslint"
"@typescript-eslint/utils@8.15.0","MIT","https://github.com/typescript-eslint/typescript-eslint"
"@typescript-eslint/visitor-keys@8.15.0","MIT","https://github.com/typescript-eslint/typescript-eslint"
"@vitejs/plugin-basic-ssl@1.1.0","MIT","https://github.com/vitejs/vite-plugin-basic-ssl"
"@webassemblyjs/ast@1.12.1","MIT","https://github.com/xtuc/webassemblyjs"
"@webassemblyjs/floating-point-hex-parser@1.11.6","MIT","https://github.com/xtuc/webassemblyjs"
"@webassemblyjs/helper-api-error@1.11.6","MIT","https://github.com/xtuc/webassemblyjs"
"@webassemblyjs/helper-buffer@1.12.1","MIT","https://github.com/xtuc/webassemblyjs"
"@webassemblyjs/helper-numbers@1.11.6","MIT","https://github.com/xtuc/webassemblyjs"
"@webassemblyjs/helper-wasm-bytecode@1.11.6","MIT","https://github.com/xtuc/webassemblyjs"
"@webassemblyjs/helper-wasm-section@1.12.1","MIT","https://github.com/xtuc/webassemblyjs"
"@webassemblyjs/ieee754@1.11.6","MIT","https://github.com/xtuc/webassemblyjs"
"@webassemblyjs/leb128@1.11.6","Apache-2.0","https://github.com/xtuc/webassemblyjs"
"@webassemblyjs/utf8@1.11.6","MIT","https://github.com/xtuc/webassemblyjs"
"@webassemblyjs/wasm-edit@1.12.1","MIT","https://github.com/xtuc/webassemblyjs"
"@webassemblyjs/wasm-gen@1.12.1","MIT","https://github.com/xtuc/webassemblyjs"
"@webassemblyjs/wasm-opt@1.12.1","MIT","https://github.com/xtuc/webassemblyjs"
"@webassemblyjs/wasm-parser@1.12.1","MIT","https://github.com/xtuc/webassemblyjs"
"@webassemblyjs/wast-printer@1.12.1","MIT","https://github.com/xtuc/webassemblyjs"
"@xtuc/ieee754@1.2.0","BSD-3-Clause","https://github.com/feross/ieee754"
"@xtuc/long@4.2.2","Apache-2.0","https://github.com/dcodeIO/long.js"
"@yarnpkg/lockfile@1.1.0","BSD-2-Clause","https://github.com/yarnpkg/yarn/blob/master/packages/lockfile"
"@yarnpkg/parsers@3.0.0-rc.46","BSD-2-Clause","https://github.com/yarnpkg/berry"
"@zkochan/js-yaml@0.0.7","MIT","https://github.com/nodeca/js-yaml"
"@zxing/browser@0.1.5","MIT","https://github.com/zxing-js/browser"
"@zxing/library@0.21.2","MIT","https://github.com/zxing-js/library"
"@zxing/ngx-scanner@18.0.1","MIT",""
"@zxing/text-encoding@0.9.0","(Unlicense OR Apache-2.0)","https://github.com/zxing-js/text-encoding"
"abbrev@1.1.1","ISC","https://github.com/isaacs/abbrev-js"
"abbrev@2.0.0","ISC","https://github.com/npm/abbrev-js"
"accepts@1.3.8","MIT","https://github.com/jshttp/accepts"
"acorn-import-attributes@1.9.5","MIT","https://github.com/xtuc/acorn-import-attributes"
"acorn-jsx@5.3.2","MIT","https://github.com/acornjs/acorn-jsx"
"acorn@8.14.0","MIT","https://github.com/acornjs/acorn"
"adjust-sourcemap-loader@4.0.0","MIT","https://github.com/bholloway/adjust-sourcemap-loader"
"agent-base@7.1.1","MIT","https://github.com/TooTallNate/proxy-agents"
"aggregate-error@3.1.0","MIT","https://github.com/sindresorhus/aggregate-error"
"ajv-formats@2.1.1","MIT","https://github.com/ajv-validator/ajv-formats"
"ajv-formats@3.0.1","MIT","https://github.com/ajv-validator/ajv-formats"
"ajv-keywords@3.5.2","MIT","https://github.com/epoberezkin/ajv-keywords"
"ajv-keywords@5.1.0","MIT","https://github.com/epoberezkin/ajv-keywords"
"ajv@6.12.6","MIT","https://github.com/ajv-validator/ajv"
"ajv@8.12.0","MIT","https://github.com/ajv-validator/ajv"
"ajv@8.17.1","MIT","https://github.com/ajv-validator/ajv"
"angular-frontend@0.0.1","UNLICENSED",""
"angular-oauth2-oidc@18.0.0","MIT","https://github.com/manfredsteyer/angular-oauth2-oidc"
"angularx-qrcode@18.0.2","MIT","https://github.com/cordobo/angularx-qrcode"
"ansi-colors@4.1.3","MIT","https://github.com/doowb/ansi-colors"
"ansi-escapes@4.3.2","MIT","https://github.com/sindresorhus/ansi-escapes"
"ansi-escapes@7.0.0","MIT","https://github.com/sindresorhus/ansi-escapes"
"ansi-html-community@0.0.8","Apache-2.0","https://github.com/mahdyar/ansi-html-community"
"ansi-regex@5.0.1","MIT","https://github.com/chalk/ansi-regex"
"ansi-regex@6.1.0","MIT","https://github.com/chalk/ansi-regex"
"ansi-styles@3.2.1","MIT","https://github.com/chalk/ansi-styles"
"ansi-styles@4.3.0","MIT","https://github.com/chalk/ansi-styles"
"ansi-styles@5.2.0","MIT","https://github.com/chalk/ansi-styles"
"ansi-styles@6.2.1","MIT","https://github.com/chalk/ansi-styles"
"anymatch@3.1.3","ISC","https://github.com/micromatch/anymatch"
"argparse@1.0.10","MIT","https://github.com/nodeca/argparse"
"argparse@2.0.1","Python-2.0","https://github.com/nodeca/argparse"
"aria-query@5.3.0","Apache-2.0","https://github.com/A11yance/aria-query"
"aria-query@5.3.2","Apache-2.0","https://github.com/A11yance/aria-query"
"array-find-index@1.0.2","MIT","https://github.com/sindresorhus/array-find-index"
"array-flatten@1.1.1","MIT","https://github.com/blakeembrey/array-flatten"
"asap@2.0.6","MIT","https://github.com/kriskowal/asap"
"async@3.2.6","MIT","https://github.com/caolan/async"
"asynckit@0.4.0","MIT","https://github.com/alexindigo/asynckit"
"autoprefixer@10.4.20","MIT","https://github.com/postcss/autoprefixer"
"axios@1.7.7","MIT","https://github.com/axios/axios"
"axobject-query@4.1.0","Apache-2.0","https://github.com/A11yance/axobject-query"
"babel-loader@9.1.3","MIT","https://github.com/babel/babel-loader"
"babel-plugin-polyfill-corejs2@0.4.12","MIT","https://github.com/babel/babel-polyfills"
"babel-plugin-polyfill-corejs3@0.10.6","MIT","https://github.com/babel/babel-polyfills"
"babel-plugin-polyfill-regenerator@0.6.3","MIT","https://github.com/babel/babel-polyfills"
"balanced-match@1.0.2","MIT","https://github.com/juliangruber/balanced-match"
"base64-js@1.5.1","MIT","https://github.com/beatgammit/base64-js"
"base64id@2.0.0","MIT","https://github.com/faeldt/base64id"
"batch@0.6.1","MIT","https://github.com/visionmedia/batch"
"big.js@5.2.2","MIT","https://github.com/MikeMcl/big.js"
"binary-extensions@2.3.0","MIT","https://github.com/sindresorhus/binary-extensions"
"bl@4.1.0","MIT","https://github.com/rvagg/bl"
"body-parser@1.20.3","MIT","https://github.com/expressjs/body-parser"
"bonjour-service@1.3.0","MIT","https://github.com/onlxltd/bonjour-service"
"boolbase@1.0.0","ISC","https://github.com/fb55/boolbase"
"bootstrap@5.3.3","MIT","https://github.com/twbs/bootstrap"
"brace-expansion@1.1.11","MIT","https://github.com/juliangruber/brace-expansion"
"brace-expansion@2.0.1","MIT","https://github.com/juliangruber/brace-expansion"
"braces@3.0.3","MIT","https://github.com/micromatch/braces"
"browserslist@4.24.2","MIT","https://github.com/browserslist/browserslist"
"buffer-from@1.1.2","MIT","https://github.com/LinusU/buffer-from"
"buffer@5.7.1","MIT","https://github.com/feross/buffer"
"bundle-name@4.1.0","MIT","https://github.com/sindresorhus/bundle-name"
"bytes@3.1.2","MIT","https://github.com/visionmedia/bytes.js"
"cacache@18.0.4","ISC","https://github.com/npm/cacache"
"call-bind@1.0.7","MIT","https://github.com/ljharb/call-bind"
"callsites@3.1.0","MIT","https://github.com/sindresorhus/callsites"
"camelcase@5.3.1","MIT","https://github.com/sindresorhus/camelcase"
"caniuse-lite@1.0.30001683","CC-BY-4.0","https://github.com/browserslist/caniuse-lite"
"chalk@2.4.2","MIT","https://github.com/chalk/chalk"
"chalk@4.1.2","MIT","https://github.com/chalk/chalk"
"chardet@0.7.0","MIT","https://github.com/runk/node-chardet"
"chokidar@3.6.0","MIT","https://github.com/paulmillr/chokidar"
"chokidar@4.0.1","MIT","https://github.com/paulmillr/chokidar"
"chownr@2.0.0","ISC","https://github.com/isaacs/chownr"
"chrome-trace-event@1.0.3","MIT","https://github.com/samccone/chrome-trace-event"
"clean-stack@2.2.0","MIT","https://github.com/sindresorhus/clean-stack"
"cli-cursor@3.1.0","MIT","https://github.com/sindresorhus/cli-cursor"
"cli-cursor@5.0.0","MIT","https://github.com/sindresorhus/cli-cursor"
"cli-spinners@2.6.1","MIT","https://github.com/sindresorhus/cli-spinners"
"cli-spinners@2.9.2","MIT","https://github.com/sindresorhus/cli-spinners"
"cli-truncate@4.0.0","MIT","https://github.com/sindresorhus/cli-truncate"
"cli-width@4.1.0","ISC","https://github.com/knownasilya/cli-width"
"cliui@6.0.0","ISC","https://github.com/yargs/cliui"
"cliui@7.0.4","ISC","https://github.com/yargs/cliui"
"cliui@8.0.1","ISC","https://github.com/yargs/cliui"
"clone-deep@4.0.1","MIT","https://github.com/jonschlinkert/clone-deep"
"clone@1.0.4","MIT","https://github.com/pvorb/node-clone"
"color-convert@1.9.3","MIT","https://github.com/Qix-/color-convert"
"color-convert@2.0.1","MIT","https://github.com/Qix-/color-convert"
"color-name@1.1.3","MIT","https://github.com/dfcreative/color-name"
"color-name@1.1.4","MIT","https://github.com/colorjs/color-name"
"colorette@2.0.20","MIT","https://github.com/jorgebucaran/colorette"
"combined-stream@1.0.8","MIT","https://github.com/felixge/node-combined-stream"
"commander@2.20.3","MIT","https://github.com/tj/commander.js"
"common-path-prefix@3.0.0","ISC","https://github.com/novemberborn/common-path-prefix"
"compressible@2.0.18","MIT","https://github.com/jshttp/compressible"
"compression@1.7.5","MIT","https://github.com/expressjs/compression"
"concat-map@0.0.1","MIT","https://github.com/substack/node-concat-map"
"connect-history-api-fallback@2.0.0","MIT","https://github.com/bripkens/connect-history-api-fallback"
"connect@3.7.0","MIT","https://github.com/senchalabs/connect"
"content-disposition@0.5.4","MIT","https://github.com/jshttp/content-disposition"
"content-type@1.0.5","MIT","https://github.com/jshttp/content-type"
"convert-source-map@1.9.0","MIT","https://github.com/thlorenz/convert-source-map"
"convert-source-map@2.0.0","MIT","https://github.com/thlorenz/convert-source-map"
"cookie-signature@1.0.6","MIT","https://github.com/visionmedia/node-cookie-signature"
"cookie@0.7.1","MIT","https://github.com/jshttp/cookie"
"cookie@0.7.2","MIT","https://github.com/jshttp/cookie"
"copy-anything@2.0.6","MIT","https://github.com/mesqueeb/copy-anything"
"copy-webpack-plugin@12.0.2","MIT","https://github.com/webpack-contrib/copy-webpack-plugin"
"core-js-compat@3.39.0","MIT","https://github.com/zloirock/core-js"
"core-util-is@1.0.3","MIT","https://github.com/isaacs/core-util-is"
"cors@2.8.5","MIT","https://github.com/expressjs/cors"
"cosmiconfig@9.0.0","MIT","https://github.com/cosmiconfig/cosmiconfig"
"critters@0.0.24","Apache-2.0","https://github.com/GoogleChromeLabs/critters"
"cross-spawn@7.0.6","MIT","https://github.com/moxystudio/node-cross-spawn"
"css-loader@7.1.2","MIT","https://github.com/webpack-contrib/css-loader"
"css-select@5.1.0","BSD-2-Clause","https://github.com/fb55/css-select"
"css-what@6.1.0","BSD-2-Clause","https://github.com/fb55/css-what"
"cssesc@3.0.0","MIT","https://github.com/mathiasbynens/cssesc"
"custom-event@1.0.1","MIT","https://github.com/webmodules/custom-event"
"date-format@4.0.14","MIT","https://github.com/nomiddlename/date-format"
"debug@2.6.9","MIT","https://github.com/visionmedia/debug"
"debug@3.2.7","MIT","https://github.com/visionmedia/debug"
"debug@4.3.7","MIT","https://github.com/debug-js/debug"
"debuglog@1.0.1","MIT","https://github.com/sam-github/node-debuglog"
"decamelize@1.2.0","MIT","https://github.com/sindresorhus/decamelize"
"deep-is@0.1.4","MIT","https://github.com/thlorenz/deep-is"
"default-browser-id@5.0.0","MIT","https://github.com/sindresorhus/default-browser-id"
"default-browser@5.2.1","MIT","https://github.com/sindresorhus/default-browser"
"default-gateway@6.0.3","BSD-2-Clause","https://github.com/silverwind/default-gateway"
"defaults@1.0.4","MIT","https://github.com/sindresorhus/node-defaults"
"define-data-property@1.1.4","MIT","https://github.com/ljharb/define-data-property"
"define-lazy-prop@2.0.0","MIT","https://github.com/sindresorhus/define-lazy-prop"
"define-lazy-prop@3.0.0","MIT","https://github.com/sindresorhus/define-lazy-prop"
"delayed-stream@1.0.0","MIT","https://github.com/felixge/node-delayed-stream"
"depd@1.1.2","MIT","https://github.com/dougwilson/nodejs-depd"
"depd@2.0.0","MIT","https://github.com/dougwilson/nodejs-depd"
"dequal@2.0.3","MIT","https://github.com/lukeed/dequal"
"destroy@1.2.0","MIT","https://github.com/stream-utils/destroy"
"detect-libc@2.0.3","Apache-2.0","https://github.com/lovell/detect-libc"
"detect-node@2.1.0","MIT","https://github.com/iliakan/detect-node"
"dezalgo@1.0.4","ISC","https://github.com/npm/dezalgo"
"di@0.0.1","MIT","https://github.com/vojtajina/node-di"
"diff-sequences@29.6.3","MIT","https://github.com/jestjs/jest"
"dijkstrajs@1.0.3","MIT","https://github.com/tcort/dijkstrajs"
"dns-packet@5.6.1","MIT","https://github.com/mafintosh/dns-packet"
"dom-serialize@2.2.1","MIT","https://github.com/webmodules/dom-serialize"
"dom-serializer@2.0.0","MIT","https://github.com/cheeriojs/dom-serializer"
"domelementtype@2.3.0","BSD-2-Clause","https://github.com/fb55/domelementtype"
"domhandler@5.0.3","BSD-2-Clause","https://github.com/fb55/domhandler"
"domutils@3.1.0","BSD-2-Clause","https://github.com/fb55/domutils"
"dotenv-expand@11.0.7","BSD-2-Clause","https://github.com/motdotla/dotenv-expand"
"dotenv@16.4.5","BSD-2-Clause","https://github.com/motdotla/dotenv"
"duplexer@0.1.2","MIT","https://github.com/Raynos/duplexer"
"eastasianwidth@0.2.0","MIT","https://github.com/komagata/eastasianwidth"
"ee-first@1.1.1","MIT","https://github.com/jonathanong/ee-first"
"ejs@3.1.10","Apache-2.0","https://github.com/mde/ejs"
"electron-to-chromium@1.5.63","ISC","https://github.com/kilian/electron-to-chromium"
"emoji-regex@10.4.0","MIT","https://github.com/mathiasbynens/emoji-regex"
"emoji-regex@8.0.0","MIT","https://github.com/mathiasbynens/emoji-regex"
"emoji-regex@9.2.2","MIT","https://github.com/mathiasbynens/emoji-regex"
"emojis-list@3.0.0","MIT","https://github.com/kikobeats/emojis-list"
"encode-utf8@1.0.3","MIT","https://github.com/LinusU/encode-utf8"
"encodeurl@1.0.2","MIT","https://github.com/pillarjs/encodeurl"
"encodeurl@2.0.0","MIT","https://github.com/pillarjs/encodeurl"
"encoding@0.1.13","MIT","https://github.com/andris9/encoding"
"end-of-stream@1.4.4","MIT","https://github.com/mafintosh/end-of-stream"
"engine.io-parser@5.2.3","MIT","https://github.com/socketio/socket.io"
"engine.io@6.6.2","MIT","https://github.com/socketio/socket.io"
"enhanced-resolve@5.17.1","MIT","https://github.com/webpack/enhanced-resolve"
"enquirer@2.3.6","MIT","https://github.com/enquirer/enquirer"
"ent@2.2.0","MIT","https://github.com/substack/node-ent"
"entities@4.5.0","BSD-2-Clause","https://github.com/fb55/entities"
"env-paths@2.2.1","MIT","https://github.com/sindresorhus/env-paths"
"environment@1.1.0","MIT","https://github.com/sindresorhus/environment"
"err-code@2.0.3","MIT","https://github.com/IndigoUnited/js-err-code"
"errno@0.1.8","MIT","https://github.com/rvagg/node-errno"
"error-ex@1.3.2","MIT","https://github.com/qix-/node-error-ex"
"es-define-property@1.0.0","MIT","https://github.com/ljharb/es-define-property"
"es-errors@1.3.0","MIT","https://github.com/ljharb/es-errors"
"es-module-lexer@1.5.0","MIT","https://github.com/guybedford/es-module-lexer"
"esbuild-wasm@0.23.0","MIT","https://github.com/evanw/esbuild"
"esbuild@0.21.5","MIT","https://github.com/evanw/esbuild"
"esbuild@0.23.0","MIT","https://github.com/evanw/esbuild"
"escalade@3.2.0","MIT","https://github.com/lukeed/escalade"
"escape-html@1.0.3","MIT","https://github.com/component/escape-html"
"escape-string-regexp@1.0.5","MIT","https://github.com/sindresorhus/escape-string-regexp"
"escape-string-regexp@4.0.0","MIT","https://github.com/sindresorhus/escape-string-regexp"
"eslint-plugin-license-header@0.6.1","MIT","https://github.com/nikku/eslint-plugin-license-header"
"eslint-scope@5.1.1","BSD-2-Clause","https://github.com/eslint/eslint-scope"
"eslint-scope@8.2.0","BSD-2-Clause","https://github.com/eslint/js"
"eslint-visitor-keys@3.4.3","Apache-2.0","https://github.com/eslint/eslint-visitor-keys"
"eslint-visitor-keys@4.2.0","Apache-2.0","https://github.com/eslint/js"
"eslint@9.15.0","MIT","https://github.com/eslint/eslint"
"espree@10.3.0","BSD-2-Clause","https://github.com/eslint/js"
"esprima@4.0.1","BSD-2-Clause","https://github.com/jquery/esprima"
"esquery@1.5.0","BSD-3-Clause","https://github.com/estools/esquery"
"esrecurse@4.3.0","BSD-2-Clause","https://github.com/estools/esrecurse"
"estraverse@4.3.0","BSD-2-Clause","https://github.com/estools/estraverse"
"estraverse@5.3.0","BSD-2-Clause","https://github.com/estools/estraverse"
"esutils@2.0.3","BSD-2-Clause","https://github.com/estools/esutils"
"etag@1.8.1","MIT","https://github.com/jshttp/etag"
"eventemitter3@4.0.7","MIT","https://github.com/primus/eventemitter3"
"eventemitter3@5.0.1","MIT","https://github.com/primus/eventemitter3"
"events@3.3.0","MIT","https://github.com/Gozala/events"
"execa@5.1.1","MIT","https://github.com/sindresorhus/execa"
"exponential-backoff@3.1.1","Apache-2.0","https://github.com/coveo/exponential-backoff"
"express@4.21.2","MIT","https://github.com/expressjs/express"
"extend@3.0.2","MIT","https://github.com/justmoon/node-extend"
"external-editor@3.1.0","MIT","https://github.com/mrkmg/node-external-editor"
"fast-deep-equal@3.1.3","MIT","https://github.com/epoberezkin/fast-deep-equal"
"fast-glob@3.3.2","MIT","https://github.com/mrmlnc/fast-glob"
"fast-json-stable-stringify@2.1.0","MIT","https://github.com/epoberezkin/fast-json-stable-stringify"
"fast-levenshtein@2.0.6","MIT","https://github.com/hiddentao/fast-levenshtein"
"fast-uri@3.0.3","BSD-3-Clause","https://github.com/fastify/fast-uri"
"fastq@1.17.1","ISC","https://github.com/mcollina/fastq"
"faye-websocket@0.11.4","Apache-2.0","https://github.com/faye/faye-websocket-node"
"figures@3.2.0","MIT","https://github.com/sindresorhus/figures"
"file-entry-cache@8.0.0","MIT","https://github.com/jaredwray/file-entry-cache"
"filelist@1.0.4","Apache-2.0","https://github.com/mde/filelist"
"fill-range@7.1.1","MIT","https://github.com/jonschlinkert/fill-range"
"finalhandler@1.1.2","MIT","https://github.com/pillarjs/finalhandler"
"finalhandler@1.3.1","MIT","https://github.com/pillarjs/finalhandler"
"find-cache-dir@4.0.0","MIT","https://github.com/sindresorhus/find-cache-dir"
"find-up@4.1.0","MIT","https://github.com/sindresorhus/find-up"
"find-up@5.0.0","MIT","https://github.com/sindresorhus/find-up"
"find-up@6.3.0","MIT","https://github.com/sindresorhus/find-up"
"flat-cache@4.0.1","MIT","https://github.com/jaredwray/flat-cache"
"flat@5.0.2","BSD-3-Clause","https://github.com/hughsk/flat"
"flatted@3.3.1","ISC","https://github.com/WebReflection/flatted"
"follow-redirects@1.15.6","MIT","https://github.com/follow-redirects/follow-redirects"
"foreground-child@3.3.0","ISC","https://github.com/tapjs/foreground-child"
"form-data@4.0.1","MIT","https://github.com/form-data/form-data"
"forwarded@0.2.0","MIT","https://github.com/jshttp/forwarded"
"fraction.js@4.3.7","MIT","https://github.com/rawify/Fraction.js"
"fresh@0.5.2","MIT","https://github.com/jshttp/fresh"
"front-matter@4.0.2","MIT","https://github.com/jxson/front-matter"
"fs-constants@1.0.0","MIT","https://github.com/mafintosh/fs-constants"
"fs-extra@8.1.0","MIT","https://github.com/jprichardson/node-fs-extra"
"fs-minipass@2.1.0","ISC","https://github.com/npm/fs-minipass"
"fs-minipass@3.0.3","ISC","https://github.com/npm/fs-minipass"
"fs.realpath@1.0.0","ISC","https://github.com/isaacs/fs.realpath"
"function-bind@1.1.2","MIT","https://github.com/Raynos/function-bind"
"gensync@1.0.0-beta.2","MIT","https://github.com/loganfsmyth/gensync"
"get-caller-file@2.0.5","ISC","https://github.com/stefanpenner/get-caller-file"
"get-east-asian-width@1.3.0","MIT","https://github.com/sindresorhus/get-east-asian-width"
"get-intrinsic@1.2.4","MIT","https://github.com/ljharb/get-intrinsic"
"get-stream@6.0.1","MIT","https://github.com/sindresorhus/get-stream"
"glob-parent@5.1.2","ISC","https://github.com/gulpjs/glob-parent"
"glob-parent@6.0.2","ISC","https://github.com/gulpjs/glob-parent"
"glob-to-regexp@0.4.1","BSD-2-Clause","https://github.com/fitzgen/glob-to-regexp"
"glob@10.4.5","ISC","https://github.com/isaacs/node-glob"
"glob@7.2.3","ISC","https://github.com/isaacs/node-glob"
"globals@11.12.0","MIT","https://github.com/sindresorhus/globals"
"globals@14.0.0","MIT","https://github.com/sindresorhus/globals"
"globby@14.0.2","MIT","https://github.com/sindresorhus/globby"
"gopd@1.0.1","MIT","https://github.com/ljharb/gopd"
"graceful-fs@4.2.11","ISC","https://github.com/isaacs/node-graceful-fs"
"graphemer@1.4.0","MIT","https://github.com/flmnt/graphemer"
"handle-thing@2.0.1","MIT","https://github.com/indutny/handle-thing"
"has-flag@3.0.0","MIT","https://github.com/sindresorhus/has-flag"
"has-flag@4.0.0","MIT","https://github.com/sindresorhus/has-flag"
"has-property-descriptors@1.0.2","MIT","https://github.com/inspect-js/has-property-descriptors"
"has-proto@1.0.3","MIT","https://github.com/inspect-js/has-proto"
"has-symbols@1.0.3","MIT","https://github.com/inspect-js/has-symbols"
"hasown@2.0.2","MIT","https://github.com/inspect-js/hasOwn"
"hosted-git-info@2.8.9","ISC","https://github.com/npm/hosted-git-info"
"hosted-git-info@7.0.2","ISC","https://github.com/npm/hosted-git-info"
"hpack.js@2.1.6","MIT","https://github.com/indutny/hpack.js"
"html-entities@2.5.2","MIT","https://github.com/mdevils/html-entities"
"html-escaper@2.0.2","MIT","https://github.com/WebReflection/html-escaper"
"htmlparser2@8.0.2","MIT","https://github.com/fb55/htmlparser2"
"http-cache-semantics@4.1.1","BSD-2-Clause","https://github.com/kornelski/http-cache-semantics"
"http-deceiver@1.2.7","MIT","https://github.com/indutny/http-deceiver"
"http-errors@1.6.3","MIT","https://github.com/jshttp/http-errors"
"http-errors@2.0.0","MIT","https://github.com/jshttp/http-errors"
"http-parser-js@0.5.8","MIT","https://github.com/creationix/http-parser-js"
"http-proxy-agent@7.0.2","MIT","https://github.com/TooTallNate/proxy-agents"
"http-proxy-middleware@2.0.7","MIT","https://github.com/chimurai/http-proxy-middleware"
"http-proxy-middleware@3.0.3","MIT","https://github.com/chimurai/http-proxy-middleware"
"http-proxy@1.18.1","MIT","https://github.com/http-party/node-http-proxy"
"https-proxy-agent@7.0.5","MIT","https://github.com/TooTallNate/proxy-agents"
"human-signals@2.1.0","Apache-2.0","https://github.com/ehmicky/human-signals"
"hyperdyperid@1.2.0","MIT","https://github.com/streamich/hyperdyperid"
"iconv-lite@0.4.24","MIT","https://github.com/ashtuchkin/iconv-lite"
"iconv-lite@0.6.3","MIT","https://github.com/ashtuchkin/iconv-lite"
"icss-utils@5.1.0","ISC","https://github.com/css-modules/icss-utils"
"ieee754@1.2.1","BSD-3-Clause","https://github.com/feross/ieee754"
"ignore-walk@6.0.5","ISC","https://github.com/npm/ignore-walk"
"ignore@5.3.1","MIT","https://github.com/kaelzhang/node-ignore"
"ignore@6.0.2","MIT","https://github.com/kaelzhang/node-ignore"
"image-size@0.5.5","MIT","https://github.com/image-size/image-size"
"immutable@4.3.5","MIT","https://github.com/immutable-js/immutable-js"
"import-fresh@3.3.0","MIT","https://github.com/sindresorhus/import-fresh"
"imurmurhash@0.1.4","MIT","https://github.com/jensyt/imurmurhash-js"
"indent-string@4.0.0","MIT","https://github.com/sindresorhus/indent-string"
"inflight@1.0.6","ISC","https://github.com/npm/inflight"
"inherits@2.0.3","ISC","https://github.com/isaacs/inherits"
"inherits@2.0.4","ISC","https://github.com/isaacs/inherits"
"ini@4.1.3","ISC","https://github.com/npm/ini"
"ip-address@9.0.5","MIT","https://github.com/beaugunderson/ip-address"
"ipaddr.js@1.9.1","MIT","https://github.com/whitequark/ipaddr.js"
"ipaddr.js@2.2.0","MIT","https://github.com/whitequark/ipaddr.js"
"is-arrayish@0.2.1","MIT","https://github.com/qix-/node-is-arrayish"
"is-binary-path@2.1.0","MIT","https://github.com/sindresorhus/is-binary-path"
"is-core-module@2.13.1","MIT","https://github.com/inspect-js/is-core-module"
"is-docker@2.2.1","MIT","https://github.com/sindresorhus/is-docker"
"is-docker@3.0.0","MIT","https://github.com/sindresorhus/is-docker"
"is-extglob@2.1.1","MIT","https://github.com/jonschlinkert/is-extglob"
"is-fullwidth-code-point@3.0.0","MIT","https://github.com/sindresorhus/is-fullwidth-code-point"
"is-fullwidth-code-point@4.0.0","MIT","https://github.com/sindresorhus/is-fullwidth-code-point"
"is-fullwidth-code-point@5.0.0","MIT","https://github.com/sindresorhus/is-fullwidth-code-point"
"is-glob@4.0.3","MIT","https://github.com/micromatch/is-glob"
"is-inside-container@1.0.0","MIT","https://github.com/sindresorhus/is-inside-container"
"is-interactive@1.0.0","MIT","https://github.com/sindresorhus/is-interactive"
"is-lambda@1.0.1","MIT","https://github.com/watson/is-lambda"
"is-network-error@1.1.0","MIT","https://github.com/sindresorhus/is-network-error"
"is-number@7.0.0","MIT","https://github.com/jonschlinkert/is-number"
"is-plain-obj@3.0.0","MIT","https://github.com/sindresorhus/is-plain-obj"
"is-plain-object@2.0.4","MIT","https://github.com/jonschlinkert/is-plain-object"
"is-plain-object@5.0.0","MIT","https://github.com/jonschlinkert/is-plain-object"
"is-stream@2.0.1","MIT","https://github.com/sindresorhus/is-stream"
"is-unicode-supported@0.1.0","MIT","https://github.com/sindresorhus/is-unicode-supported"
"is-what@3.14.1","MIT","https://github.com/mesqueeb/is-what"
"is-wsl@2.2.0","MIT","https://github.com/sindresorhus/is-wsl"
"is-wsl@3.1.0","MIT","https://github.com/sindresorhus/is-wsl"
"isarray@1.0.0","MIT","https://github.com/juliangruber/isarray"
"isbinaryfile@4.0.10","MIT","https://github.com/gjtorikian/isBinaryFile"
"isexe@2.0.0","ISC","https://github.com/isaacs/isexe"
"isexe@3.1.1","ISC","https://github.com/isaacs/isexe"
"isobject@3.0.1","MIT","https://github.com/jonschlinkert/isobject"
"istanbul-lib-coverage@3.2.2","BSD-3-Clause","https://github.com/istanbuljs/istanbuljs"
"istanbul-lib-instrument@5.2.1","BSD-3-Clause","https://github.com/istanbuljs/istanbuljs"
"istanbul-lib-instrument@6.0.3","BSD-3-Clause","https://github.com/istanbuljs/istanbuljs"
"istanbul-lib-report@3.0.1","BSD-3-Clause","https://github.com/istanbuljs/istanbuljs"
"istanbul-lib-source-maps@4.0.1","BSD-3-Clause","https://github.com/istanbuljs/istanbuljs"
"istanbul-reports@3.1.7","BSD-3-Clause","https://github.com/istanbuljs/istanbuljs"
"jackspeak@3.4.3","BlueOak-1.0.0","https://github.com/isaacs/jackspeak"
"jake@10.9.2","Apache-2.0","https://github.com/jakejs/jake"
"jasmine-core@4.6.0","MIT","https://github.com/jasmine/jasmine"
"jasmine-core@5.4.0","MIT","https://github.com/jasmine/jasmine"
"jest-diff@29.7.0","MIT","https://github.com/jestjs/jest"
"jest-get-type@29.6.3","MIT","https://github.com/jestjs/jest"
"jest-worker@27.5.1","MIT","https://github.com/facebook/jest"
"jiti@1.21.0","MIT","https://github.com/unjs/jiti"
"js-tokens@4.0.0","MIT","https://github.com/lydell/js-tokens"
"js-yaml@3.14.1","MIT","https://github.com/nodeca/js-yaml"
"js-yaml@4.1.0","MIT","https://github.com/nodeca/js-yaml"
"jsbn@1.1.0","MIT","https://github.com/andyperlitch/jsbn"
"jsesc@2.5.2","MIT","https://github.com/mathiasbynens/jsesc"
"jsesc@3.0.2","MIT","https://github.com/mathiasbynens/jsesc"
"json-buffer@3.0.1","MIT","https://github.com/dominictarr/json-buffer"
"json-parse-even-better-errors@2.3.1","MIT","https://github.com/npm/json-parse-even-better-errors"
"json-parse-even-better-errors@3.0.2","MIT","https://github.com/npm/json-parse-even-better-errors"
"json-schema-traverse@0.4.1","MIT","https://github.com/epoberezkin/json-schema-traverse"
"json-schema-traverse@1.0.0","MIT","https://github.com/epoberezkin/json-schema-traverse"
"json-stable-stringify-without-jsonify@1.0.1","MIT","https://github.com/samn/json-stable-stringify"
"json5@2.2.3","MIT","https://github.com/json5/json5"
"jsonc-parser@3.2.0","MIT","https://github.com/microsoft/node-jsonc-parser"
"jsonc-parser@3.3.1","MIT","https://github.com/microsoft/node-jsonc-parser"
"jsonfile@4.0.0","MIT","https://github.com/jprichardson/node-jsonfile"
"jsonparse@1.3.1","MIT","https://github.com/creationix/jsonparse"
"karma-chrome-launcher@3.2.0","MIT","https://github.com/karma-runner/karma-chrome-launcher"
"karma-coverage@2.2.1","MIT","https://github.com/karma-runner/karma-coverage"
"karma-jasmine-html-reporter@2.1.0","MIT","https://github.com/dfederm/karma-jasmine-html-reporter"
"karma-jasmine@5.1.0","MIT","https://github.com/karma-runner/karma-jasmine"
"karma-junit-reporter@2.0.1","MIT","https://github.com/karma-runner/karma-junit-reporter"
"karma-source-map-support@1.4.0","MIT","https://github.com/tschaub/karma-source-map-support"
"karma@6.4.4","MIT","https://github.com/karma-runner/karma"
"keyv@4.5.4","MIT","https://github.com/jaredwray/keyv"
"kind-of@6.0.3","MIT","https://github.com/jonschlinkert/kind-of"
"launch-editor@2.9.1","MIT","https://github.com/yyx990803/launch-editor"
"less-loader@12.2.0","MIT","https://github.com/webpack-contrib/less-loader"
"less@4.2.0","Apache-2.0","https://github.com/less/less.js"
"levn@0.4.1","MIT","https://github.com/gkz/levn"
"license-checker@25.0.1","BSD-3-Clause","https://github.com/davglass/license-checker"
"license-webpack-plugin@4.0.2","ISC","https://github.com/xz64/license-webpack-plugin"
"lines-and-columns@1.2.4","MIT","https://github.com/eventualbuddha/lines-and-columns"
"lines-and-columns@2.0.3","MIT","https://github.com/eventualbuddha/lines-and-columns"
"listr2@8.2.4","MIT","https://github.com/listr2/listr2"
"lmdb@3.0.13","MIT","https://github.com/kriszyp/lmdb-js"
"loader-runner@4.3.0","MIT","https://github.com/webpack/loader-runner"
"loader-utils@2.0.4","MIT","https://github.com/webpack/loader-utils"
"loader-utils@3.3.1","MIT","https://github.com/webpack/loader-utils"
"locate-path@5.0.0","MIT","https://github.com/sindresorhus/locate-path"
"locate-path@6.0.0","MIT","https://github.com/sindresorhus/locate-path"
"locate-path@7.2.0","MIT","https://github.com/sindresorhus/locate-path"
"lodash.debounce@4.0.8","MIT","https://github.com/lodash/lodash"
"lodash.merge@4.6.2","MIT","https://github.com/lodash/lodash"
"lodash@4.17.21","MIT","https://github.com/lodash/lodash"
"log-symbols@4.1.0","MIT","https://github.com/sindresorhus/log-symbols"
"log-update@6.1.0","MIT","https://github.com/sindresorhus/log-update"
"log4js@6.9.1","Apache-2.0","https://github.com/log4js-node/log4js-node"
"lru-cache@10.4.3","ISC","https://github.com/isaacs/node-lru-cache"
"lru-cache@5.1.1","ISC","https://github.com/isaacs/node-lru-cache"
"magic-string@0.30.11","MIT","https://github.com/rich-harris/magic-string"
"make-dir@2.1.0","MIT","https://github.com/sindresorhus/make-dir"
"make-dir@4.0.0","MIT","https://github.com/sindresorhus/make-dir"
"make-fetch-happen@13.0.1","ISC","https://github.com/npm/make-fetch-happen"
"media-typer@0.3.0","MIT","https://github.com/jshttp/media-typer"
"memfs@4.14.0","Apache-2.0","https://github.com/streamich/memfs"
"merge-descriptors@1.0.3","MIT","https://github.com/sindresorhus/merge-descriptors"
"merge-stream@2.0.0","MIT","https://github.com/grncdr/merge-stream"
"merge2@1.4.1","MIT","https://github.com/teambition/merge2"
"methods@1.1.2","MIT","https://github.com/jshttp/methods"
"micromatch@4.0.8","MIT","https://github.com/micromatch/micromatch"
"mime-db@1.52.0","MIT","https://github.com/jshttp/mime-db"
"mime-types@2.1.35","MIT","https://github.com/jshttp/mime-types"
"mime@1.6.0","MIT","https://github.com/broofa/node-mime"
"mime@2.6.0","MIT","https://github.com/broofa/mime"
"mimic-fn@2.1.0","MIT","https://github.com/sindresorhus/mimic-fn"
"mimic-function@5.0.1","MIT","https://github.com/sindresorhus/mimic-function"
"mini-css-extract-plugin@2.9.0","MIT","https://github.com/webpack-contrib/mini-css-extract-plugin"
"minimalistic-assert@1.0.1","ISC","https://github.com/calvinmetcalf/minimalistic-assert"
"minimatch@3.1.2","ISC","https://github.com/isaacs/minimatch"
"minimatch@5.1.6","ISC","https://github.com/isaacs/minimatch"
"minimatch@9.0.3","ISC","https://github.com/isaacs/minimatch"
"minimatch@9.0.5","ISC","https://github.com/isaacs/minimatch"
"minimist@1.2.8","MIT","https://github.com/minimistjs/minimist"
"minipass-collect@2.0.1","ISC","https://github.com/isaacs/minipass-collect"
"minipass-fetch@3.0.5","MIT","https://github.com/npm/minipass-fetch"
"minipass-flush@1.0.5","ISC","https://github.com/isaacs/minipass-flush"
"minipass-pipeline@1.2.4","ISC",""
"minipass-sized@1.0.3","ISC","https://github.com/isaacs/minipass-sized"
"minipass@3.3.6","ISC","https://github.com/isaacs/minipass"
"minipass@5.0.0","ISC","https://github.com/isaacs/minipass"
"minipass@7.1.2","ISC","https://github.com/isaacs/minipass"
"minizlib@2.1.2","MIT","https://github.com/isaacs/minizlib"
"mkdirp@0.5.6","MIT","https://github.com/substack/node-mkdirp"
"mkdirp@1.0.4","MIT","https://github.com/isaacs/node-mkdirp"
"mrmime@2.0.0","MIT","https://github.com/lukeed/mrmime"
"ms@2.0.0","MIT","https://github.com/zeit/ms"
"ms@2.1.3","MIT","https://github.com/vercel/ms"
"msgpackr-extract@3.0.3","MIT","https://github.com/kriszyp/msgpackr-extract"
"msgpackr@1.11.2","MIT","https://github.com/kriszyp/msgpackr"
"multicast-dns@7.2.5","MIT","https://github.com/mafintosh/multicast-dns"
"mute-stream@1.0.0","ISC","https://github.com/npm/mute-stream"
"nanoid@3.3.8","MIT","https://github.com/ai/nanoid"
"natural-compare@1.4.0","MIT","https://github.com/litejs/natural-compare-lite"
"needle@3.3.1","MIT","https://github.com/tomas/needle"
"negotiator@0.6.3","MIT","https://github.com/jshttp/negotiator"
"negotiator@0.6.4","MIT","https://github.com/jshttp/negotiator"
"neo-async@2.6.2","MIT","https://github.com/suguru03/neo-async"
"nice-napi@1.0.2","MIT","https://github.com/addaleax/nice-napi"
"node-addon-api@3.2.1","MIT","https://github.com/nodejs/node-addon-api"
"node-addon-api@6.1.0","MIT","https://github.com/nodejs/node-addon-api"
"node-forge@1.3.1","(BSD-3-Clause OR GPL-2.0)","https://github.com/digitalbazaar/forge"
"node-gyp-build-optional-packages@5.2.2","MIT","https://github.com/prebuild/node-gyp-build"
"node-gyp-build@4.8.4","MIT","https://github.com/prebuild/node-gyp-build"
"node-gyp@10.2.0","MIT","https://github.com/nodejs/node-gyp"
"node-machine-id@1.1.12","MIT","https://github.com/automation-stack/node-machine-id"
"node-releases@2.0.18","MIT","https://github.com/chicoxyzzy/node-releases"
"nopt@4.0.3","ISC","https://github.com/npm/nopt"
"nopt@7.2.1","ISC","https://github.com/npm/nopt"
"normalize-package-data@2.5.0","BSD-2-Clause","https://github.com/npm/normalize-package-data"
"normalize-package-data@6.0.2","BSD-2-Clause","https://github.com/npm/normalize-package-data"
"normalize-path@3.0.0","MIT","https://github.com/jonschlinkert/normalize-path"
"normalize-range@0.1.2","MIT","https://github.com/jamestalmage/normalize-range"
"npm-bundled@3.0.1","ISC","https://github.com/npm/npm-bundled"
"npm-install-checks@6.3.0","BSD-2-Clause","https://github.com/npm/npm-install-checks"
"npm-normalize-package-bin@1.0.1","ISC","https://github.com/npm/npm-normalize-package-bin"
"npm-normalize-package-bin@3.0.1","ISC","https://github.com/npm/npm-normalize-package-bin"
"npm-package-arg@11.0.3","ISC","https://github.com/npm/npm-package-arg"
"npm-packlist@8.0.2","ISC","https://github.com/npm/npm-packlist"
"npm-pick-manifest@9.1.0","ISC","https://github.com/npm/npm-pick-manifest"
"npm-registry-fetch@17.1.0","ISC","https://github.com/npm/npm-registry-fetch"
"npm-run-path@4.0.1","MIT","https://github.com/sindresorhus/npm-run-path"
"nth-check@2.1.1","BSD-2-Clause","https://github.com/fb55/nth-check"
"nx@19.8.11","MIT","https://github.com/nrwl/nx"
"object-assign@4.1.1","MIT","https://github.com/sindresorhus/object-assign"
"object-inspect@1.13.3","MIT","https://github.com/inspect-js/object-inspect"
"obuf@1.1.2","MIT","https://github.com/indutny/offset-buffer"
"on-finished@2.3.0","MIT","https://github.com/jshttp/on-finished"
"on-finished@2.4.1","MIT","https://github.com/jshttp/on-finished"
"on-headers@1.0.2","MIT","https://github.com/jshttp/on-headers"
"once@1.4.0","ISC","https://github.com/isaacs/once"
"onetime@5.1.2","MIT","https://github.com/sindresorhus/onetime"
"onetime@7.0.0","MIT","https://github.com/sindresorhus/onetime"
"open@10.1.0","MIT","https://github.com/sindresorhus/open"
"open@8.4.2","MIT","https://github.com/sindresorhus/open"
"optionator@0.9.3","MIT","https://github.com/gkz/optionator"
"ora@5.3.0","MIT","https://github.com/sindresorhus/ora"
"ora@5.4.1","MIT","https://github.com/sindresorhus/ora"
"ordered-binary@1.5.3","MIT","https://github.com/kriszyp/ordered-binary"
"os-homedir@1.0.2","MIT","https://github.com/sindresorhus/os-homedir"
"os-tmpdir@1.0.2","MIT","https://github.com/sindresorhus/os-tmpdir"
"osenv@0.1.5","ISC","https://github.com/npm/osenv"
"p-limit@2.3.0","MIT","https://github.com/sindresorhus/p-limit"
"p-limit@3.1.0","MIT","https://github.com/sindresorhus/p-limit"
"p-limit@4.0.0","MIT","https://github.com/sindresorhus/p-limit"
"p-locate@4.1.0","MIT","https://github.com/sindresorhus/p-locate"
"p-locate@5.0.0","MIT","https://github.com/sindresorhus/p-locate"
"p-locate@6.0.0","MIT","https://github.com/sindresorhus/p-locate"
"p-map@4.0.0","MIT","https://github.com/sindresorhus/p-map"
"p-retry@6.2.1","MIT","https://github.com/sindresorhus/p-retry"
"p-try@2.2.0","MIT","https://github.com/sindresorhus/p-try"
"package-json-from-dist@1.0.1","BlueOak-1.0.0","https://github.com/isaacs/package-json-from-dist"
"pacote@18.0.6","ISC","https://github.com/npm/pacote"
"parent-module@1.0.1","MIT","https://github.com/sindresorhus/parent-module"
"parse-json@5.2.0","MIT","https://github.com/sindresorhus/parse-json"
"parse-node-version@1.0.1","MIT","https://github.com/gulpjs/parse-node-version"
"parse5-html-rewriting-stream@7.0.0","MIT","https://github.com/inikulin/parse5"
"parse5-sax-parser@7.0.0","MIT","https://github.com/inikulin/parse5"
"parse5@7.1.2","MIT","https://github.com/inikulin/parse5"
"parseurl@1.3.3","MIT","https://github.com/pillarjs/parseurl"
"path-exists@4.0.0","MIT","https://github.com/sindresorhus/path-exists"
"path-exists@5.0.0","MIT","https://github.com/sindresorhus/path-exists"
"path-is-absolute@1.0.1","MIT","https://github.com/sindresorhus/path-is-absolute"
"path-key@3.1.1","MIT","https://github.com/sindresorhus/path-key"
"path-parse@1.0.7","MIT","https://github.com/jbgutierrez/path-parse"
"path-scurry@1.11.1","BlueOak-1.0.0","https://github.com/isaacs/path-scurry"
"path-to-regexp@0.1.12","MIT","https://github.com/pillarjs/path-to-regexp"
"path-type@5.0.0","MIT","https://github.com/sindresorhus/path-type"
"picocolors@1.1.1","ISC","https://github.com/alexeyraspopov/picocolors"
"picomatch@2.3.1","MIT","https://github.com/micromatch/picomatch"
"picomatch@4.0.2","MIT","https://github.com/micromatch/picomatch"
"pify@4.0.1","MIT","https://github.com/sindresorhus/pify"
"piscina@4.6.1","MIT","https://github.com/piscinajs/piscina"
"pkg-dir@7.0.0","MIT","https://github.com/sindresorhus/pkg-dir"
"pngjs@5.0.0","MIT","https://github.com/lukeapage/pngjs"
"postcss-loader@8.1.1","MIT","https://github.com/webpack-contrib/postcss-loader"
"postcss-media-query-parser@0.2.3","MIT","https://github.com/dryoma/postcss-media-query-parser"
"postcss-modules-extract-imports@3.1.0","ISC","https://github.com/css-modules/postcss-modules-extract-imports"
"postcss-modules-local-by-default@4.1.0","MIT","https://github.com/css-modules/postcss-modules-local-by-default"
"postcss-modules-scope@3.2.1","ISC","https://github.com/css-modules/postcss-modules-scope"
"postcss-modules-values@4.0.0","ISC","https://github.com/css-modules/postcss-modules-values"
"postcss-selector-parser@7.0.0","MIT","https://github.com/postcss/postcss-selector-parser"
"postcss-value-parser@4.2.0","MIT","https://github.com/TrySound/postcss-value-parser"
"postcss@8.4.41","MIT","https://github.com/postcss/postcss"
"postcss@8.4.49","MIT","https://github.com/postcss/postcss"
"prelude-ls@1.2.1","MIT","https://github.com/gkz/prelude-ls"
"pretty-format@29.7.0","MIT","https://github.com/jestjs/jest"
"proc-log@4.2.0","ISC","https://github.com/npm/proc-log"
"process-nextick-args@2.0.1","MIT","https://github.com/calvinmetcalf/process-nextick-args"
"promise-inflight@1.0.1","ISC","https://github.com/iarna/promise-inflight"
"promise-retry@2.0.1","MIT","https://github.com/IndigoUnited/node-promise-retry"
"proxy-addr@2.0.7","MIT","https://github.com/jshttp/proxy-addr"
"proxy-from-env@1.1.0","MIT","https://github.com/Rob--W/proxy-from-env"
"prr@1.0.1","MIT","https://github.com/rvagg/prr"
"punycode@2.3.1","MIT","https://github.com/mathiasbynens/punycode.js"
"qjobs@1.2.0","MIT","https://github.com/franck34/qjobs"
"qrcode@1.5.3","MIT","https://github.com/soldair/node-qrcode"
"qs@6.13.0","BSD-3-Clause","https://github.com/ljharb/qs"
"queue-microtask@1.2.3","MIT","https://github.com/feross/queue-microtask"
"randombytes@2.1.0","MIT","https://github.com/crypto-browserify/randombytes"
"range-parser@1.2.1","MIT","https://github.com/jshttp/range-parser"
"raw-body@2.5.2","MIT","https://github.com/stream-utils/raw-body"
"react-is@18.3.1","MIT","https://github.com/facebook/react"
"read-installed@4.0.3","ISC","https://github.com/isaacs/read-installed"
"read-package-json@2.1.2","ISC","https://github.com/npm/read-package-json"
"readable-stream@2.3.8","MIT","https://github.com/nodejs/readable-stream"
"readable-stream@3.6.2","MIT","https://github.com/nodejs/readable-stream"
"readdir-scoped-modules@1.1.0","ISC","https://github.com/npm/readdir-scoped-modules"
"readdirp@3.6.0","MIT","https://github.com/paulmillr/readdirp"
"readdirp@4.0.2","MIT","https://github.com/paulmillr/readdirp"
"reflect-metadata@0.2.2","Apache-2.0","https://github.com/rbuckton/reflect-metadata"
"regenerate-unicode-properties@10.2.0","MIT","https://github.com/mathiasbynens/regenerate-unicode-properties"
"regenerate@1.4.2","MIT","https://github.com/mathiasbynens/regenerate"
"regenerator-runtime@0.14.1","MIT","https://github.com/facebook/regenerator/tree/main/packages/runtime"
"regenerator-transform@0.15.2","MIT","https://github.com/facebook/regenerator/tree/main/packages/transform"
"regex-parser@2.3.0","MIT","https://github.com/IonicaBizau/regex-parser.js"
"regexpu-core@6.1.1","MIT","https://github.com/mathiasbynens/regexpu-core"
"regjsgen@0.8.0","MIT","https://github.com/bnjmnt4n/regjsgen"
"regjsparser@0.11.2","BSD-2-Clause","https://github.com/jviereck/regjsparser"
"require-directory@2.1.1","MIT","https://github.com/troygoode/node-require-directory"
"require-from-string@2.0.2","MIT","https://github.com/floatdrop/require-from-string"
"require-main-filename@2.0.0","ISC","https://github.com/yargs/require-main-filename"
"requireindex@1.2.0","MIT","https://github.com/stephenhandley/requireindex"
"requires-port@1.0.0","MIT","https://github.com/unshiftio/requires-port"
"resolve-from@4.0.0","MIT","https://github.com/sindresorhus/resolve-from"
"resolve-url-loader@5.0.0","MIT","https://github.com/bholloway/resolve-url-loader"
"resolve@1.22.8","MIT","https://github.com/browserify/resolve"
"restore-cursor@3.1.0","MIT","https://github.com/sindresorhus/restore-cursor"
"restore-cursor@5.1.0","MIT","https://github.com/sindresorhus/restore-cursor"
"retry@0.12.0","MIT","https://github.com/tim-kos/node-retry"
"retry@0.13.1","MIT","https://github.com/tim-kos/node-retry"
"reusify@1.0.4","MIT","https://github.com/mcollina/reusify"
"rfdc@1.4.1","MIT","https://github.com/davidmarkclements/rfdc"
"rimraf@3.0.2","ISC","https://github.com/isaacs/rimraf"
"rimraf@5.0.10","ISC","https://github.com/isaacs/rimraf"
"rollup@4.22.4","MIT","https://github.com/rollup/rollup"
"run-applescript@7.0.0","MIT","https://github.com/sindresorhus/run-applescript"
"run-parallel@1.2.0","MIT","https://github.com/feross/run-parallel"
"rxjs@7.8.1","Apache-2.0","https://github.com/reactivex/rxjs"
"safe-buffer@5.1.2","MIT","https://github.com/feross/safe-buffer"
"safe-buffer@5.2.1","MIT","https://github.com/feross/safe-buffer"
"safer-buffer@2.1.2","MIT","https://github.com/ChALkeR/safer-buffer"
"sass-loader@16.0.0","MIT","https://github.com/webpack-contrib/sass-loader"
"sass@1.77.6","MIT","https://github.com/sass/dart-sass"
"sax@1.3.0","ISC","https://github.com/isaacs/sax-js"
"schema-utils@3.3.0","MIT","https://github.com/webpack/schema-utils"
"schema-utils@4.2.0","MIT","https://github.com/webpack/schema-utils"
"select-hose@2.0.0","MIT","https://github.com/indutny/select-hose"
"selfsigned@2.4.1","MIT","https://github.com/jfromaniello/selfsigned"
"semver@5.7.2","ISC","https://github.com/npm/node-semver"
"semver@6.3.1","ISC","https://github.com/npm/node-semver"
"semver@7.6.3","ISC","https://github.com/npm/node-semver"
"send@0.19.0","MIT","https://github.com/pillarjs/send"
"serialize-javascript@6.0.2","BSD-3-Clause","https://github.com/yahoo/serialize-javascript"
"serve-index@1.9.1","MIT","https://github.com/expressjs/serve-index"
"serve-static@1.16.2","MIT","https://github.com/expressjs/serve-static"
"set-blocking@2.0.0","ISC","https://github.com/yargs/set-blocking"
"set-function-length@1.2.2","MIT","https://github.com/ljharb/set-function-length"
"setprototypeof@1.1.0","ISC","https://github.com/wesleytodd/setprototypeof"
"setprototypeof@1.2.0","ISC","https://github.com/wesleytodd/setprototypeof"
"shallow-clone@3.0.1","MIT","https://github.com/jonschlinkert/shallow-clone"
"shebang-command@2.0.0","MIT","https://github.com/kevva/shebang-command"
"shebang-regex@3.0.0","MIT","https://github.com/sindresorhus/shebang-regex"
"shell-quote@1.8.1","MIT","https://github.com/ljharb/shell-quote"
"side-channel@1.0.6","MIT","https://github.com/ljharb/side-channel"
"signal-exit@3.0.7","ISC","https://github.com/tapjs/signal-exit"
"signal-exit@4.1.0","ISC","https://github.com/tapjs/signal-exit"
"sigstore@2.3.1","Apache-2.0","https://github.com/sigstore/sigstore-js"
"slash@5.1.0","MIT","https://github.com/sindresorhus/slash"
"slice-ansi@5.0.0","MIT","https://github.com/chalk/slice-ansi"
"slice-ansi@7.1.0","MIT","https://github.com/chalk/slice-ansi"
"slide@1.1.6","ISC","https://github.com/isaacs/slide-flow-control"
"smart-buffer@4.2.0","MIT","https://github.com/JoshGlazebrook/smart-buffer"
"socket.io-adapter@2.5.5","MIT","https://github.com/socketio/socket.io-adapter"
"socket.io-parser@4.2.4","MIT","https://github.com/socketio/socket.io-parser"
"socket.io@4.8.1","MIT","https://github.com/socketio/socket.io"
"sockjs@0.3.24","MIT","https://github.com/sockjs/sockjs-node"
"socks-proxy-agent@8.0.4","MIT","https://github.com/TooTallNate/proxy-agents"
"socks@2.8.3","MIT","https://github.com/JoshGlazebrook/socks"
"source-map-js@1.2.1","BSD-3-Clause","https://github.com/7rulnik/source-map-js"
"source-map-loader@5.0.0","MIT","https://github.com/webpack-contrib/source-map-loader"
"source-map-support@0.5.21","MIT","https://github.com/evanw/node-source-map-support"
"source-map@0.6.1","BSD-3-Clause","https://github.com/mozilla/source-map"
"source-map@0.7.4","BSD-3-Clause","https://github.com/mozilla/source-map"
"spdx-compare@1.0.0","MIT","https://github.com/kemitchell/spdx-compare.js"
"spdx-correct@3.2.0","Apache-2.0","https://github.com/jslicense/spdx-correct.js"
"spdx-exceptions@2.5.0","CC-BY-3.0","https://github.com/kemitchell/spdx-exceptions.json"
"spdx-expression-parse@3.0.1","MIT","https://github.com/jslicense/spdx-expression-parse.js"
"spdx-license-ids@3.0.17","CC0-1.0","https://github.com/jslicense/spdx-license-ids"
"spdx-ranges@2.1.1","(MIT AND CC-BY-3.0)","https://github.com/kemitchell/spdx-ranges.js"
"spdx-satisfies@4.0.1","MIT","https://github.com/kemitchell/spdx-satisfies.js"
"spdy-transport@3.0.0","MIT","https://github.com/spdy-http2/spdy-transport"
"spdy@4.0.2","MIT","https://github.com/indutny/node-spdy"
"sprintf-js@1.0.3","BSD-3-Clause","https://github.com/alexei/sprintf.js"
"sprintf-js@1.1.3","BSD-3-Clause","https://github.com/alexei/sprintf.js"
"ssri@10.0.6","ISC","https://github.com/npm/ssri"
"statuses@1.5.0","MIT","https://github.com/jshttp/statuses"
"statuses@2.0.1","MIT","https://github.com/jshttp/statuses"
"streamroller@3.1.5","MIT","https://github.com/log4js-node/streamroller"
"string-width@4.2.3","MIT","https://github.com/sindresorhus/string-width"
"string-width@5.1.2","MIT","https://github.com/sindresorhus/string-width"
"string-width@7.2.0","MIT","https://github.com/sindresorhus/string-width"
"string_decoder@1.1.1","MIT","https://github.com/nodejs/string_decoder"
"string_decoder@1.3.0","MIT","https://github.com/nodejs/string_decoder"
"strip-ansi@6.0.1","MIT","https://github.com/chalk/strip-ansi"
"strip-ansi@7.1.0","MIT","https://github.com/chalk/strip-ansi"
"strip-bom@3.0.0","MIT","https://github.com/sindresorhus/strip-bom"
"strip-final-newline@2.0.0","MIT","https://github.com/sindresorhus/strip-final-newline"
"strip-json-comments@3.1.1","MIT","https://github.com/sindresorhus/strip-json-comments"
"strong-log-transformer@2.1.0","Apache-2.0","https://github.com/strongloop/strong-log-transformer"
"supports-color@5.5.0","MIT","https://github.com/chalk/supports-color"
"supports-color@7.2.0","MIT","https://github.com/chalk/supports-color"
"supports-color@8.1.1","MIT","https://github.com/chalk/supports-color"
"supports-preserve-symlinks-flag@1.0.0","MIT","https://github.com/inspect-js/node-supports-preserve-symlinks-flag"
"symbol-observable@4.0.0","MIT","https://github.com/blesh/symbol-observable"
"tapable@2.2.1","MIT","https://github.com/webpack/tapable"
"tar-stream@2.2.0","MIT","https://github.com/mafintosh/tar-stream"
"tar@6.2.1","ISC","https://github.com/isaacs/node-tar"
"terser-webpack-plugin@5.3.10","MIT","https://github.com/webpack-contrib/terser-webpack-plugin"
"terser@5.31.6","BSD-2-Clause","https://github.com/terser/terser"
"thingies@1.21.0","Unlicense","https://github.com/streamich/thingies"
"through@2.3.8","MIT","https://github.com/dominictarr/through"
"thunky@1.1.0","MIT","https://github.com/mafintosh/thunky"
"tmp@0.0.33","MIT","https://github.com/raszi/node-tmp"
"tmp@0.2.3","MIT","https://github.com/raszi/node-tmp"
"to-regex-range@5.0.1","MIT","https://github.com/micromatch/to-regex-range"
"toidentifier@1.0.1","MIT","https://github.com/component/toidentifier"
"tree-dump@1.0.2","Apache-2.0","https://github.com/streamich/tree-dump"
"tree-kill@1.2.2","MIT","https://github.com/pkrumins/node-tree-kill"
"treeify@1.1.0","MIT","https://github.com/notatestuser/treeify"
"ts-api-utils@1.3.0","MIT","https://github.com/JoshuaKGoldberg/ts-api-utils"
"ts-custom-error@3.3.1","MIT","https://github.com/adriengibrat/ts-custom-error"
"tsconfig-paths@4.2.0","MIT","https://github.com/dividab/tsconfig-paths"
"tslib@2.6.3","0BSD","https://github.com/Microsoft/tslib"
"tslib@2.8.1","0BSD","https://github.com/Microsoft/tslib"
"tuf-js@2.2.1","MIT","https://github.com/theupdateframework/tuf-js"
"type-check@0.4.0","MIT","https://github.com/gkz/type-check"
"type-fest@0.21.3","(MIT OR CC0-1.0)","https://github.com/sindresorhus/type-fest"
"type-is@1.6.18","MIT","https://github.com/jshttp/type-is"
"typed-assert@1.0.9","MIT","https://github.com/elierotenberg/typed-assert"
"typescript@5.5.4","Apache-2.0","https://github.com/Microsoft/TypeScript"
"ua-parser-js@0.7.37","MIT","https://github.com/faisalman/ua-parser-js"
"undici-types@6.19.8","MIT","https://github.com/nodejs/undici"
"unicode-canonical-property-names-ecmascript@2.0.1","MIT","https://github.com/mathiasbynens/unicode-canonical-property-names-ecmascript"
"unicode-match-property-ecmascript@2.0.0","MIT","https://github.com/mathiasbynens/unicode-match-property-ecmascript"
"unicode-match-property-value-ecmascript@2.2.0","MIT","https://github.com/mathiasbynens/unicode-match-property-value-ecmascript"
"unicode-property-aliases-ecmascript@2.1.0","MIT","https://github.com/mathiasbynens/unicode-property-aliases-ecmascript"
"unicorn-magic@0.1.0","MIT","https://github.com/sindresorhus/unicorn-magic"
"unique-filename@3.0.0","ISC","https://github.com/npm/unique-filename"
"unique-slug@4.0.0","ISC","https://github.com/npm/unique-slug"
"universalify@0.1.2","MIT","https://github.com/RyanZim/universalify"
"unpipe@1.0.0","MIT","https://github.com/stream-utils/unpipe"
"update-browserslist-db@1.1.1","MIT","https://github.com/browserslist/update-db"
"uri-js@4.4.1","BSD-2-Clause","https://github.com/garycourt/uri-js"
"util-deprecate@1.0.2","MIT","https://github.com/TooTallNate/util-deprecate"
"util-extend@1.0.3","MIT","https://github.com/isaacs/util-extend"
"utils-merge@1.0.1","MIT","https://github.com/jaredhanson/utils-merge"
"uuid@8.3.2","MIT","https://github.com/uuidjs/uuid"
"validate-npm-package-license@3.0.4","Apache-2.0","https://github.com/kemitchell/validate-npm-package-license.js"
"validate-npm-package-name@5.0.1","ISC","https://github.com/npm/validate-npm-package-name"
"vary@1.1.2","MIT","https://github.com/jshttp/vary"
"vite@5.4.6","MIT","https://github.com/vitejs/vite"
"void-elements@2.0.1","MIT","https://github.com/hemanth/void-elements"
"watchpack@2.4.1","MIT","https://github.com/webpack/watchpack"
"wbuf@1.7.3","MIT","https://github.com/indutny/wbuf"
"wcwidth@1.0.1","MIT","https://github.com/timoxley/wcwidth"
"weak-lru-cache@1.2.2","MIT","https://github.com/kriszyp/weak-lru-cache"
"webpack-dev-middleware@7.4.2","MIT","https://github.com/webpack/webpack-dev-middleware"
"webpack-dev-server@5.0.4","MIT","https://github.com/webpack/webpack-dev-server"
"webpack-merge@6.0.1","MIT","https://github.com/survivejs/webpack-merge"
"webpack-sources@3.2.3","MIT","https://github.com/webpack/webpack-sources"
"webpack-subresource-integrity@5.1.0","MIT","https://github.com/waysact/webpack-subresource-integrity"
"webpack@5.94.0","MIT","https://github.com/webpack/webpack"
"websocket-driver@0.7.4","Apache-2.0","https://github.com/faye/websocket-driver-node"
"websocket-extensions@0.1.4","Apache-2.0","https://github.com/faye/websocket-extensions-node"
"which-module@2.0.1","ISC","https://github.com/nexdrew/which-module"
"which@1.3.1","ISC","https://github.com/isaacs/node-which"
"which@2.0.2","ISC","https://github.com/isaacs/node-which"
"which@4.0.0","ISC","https://github.com/npm/node-which"
"wildcard@2.0.1","MIT","https://github.com/DamonOehlman/wildcard"
"wrap-ansi@6.2.0","MIT","https://github.com/chalk/wrap-ansi"
"wrap-ansi@7.0.0","MIT","https://github.com/chalk/wrap-ansi"
"wrap-ansi@8.1.0","MIT","https://github.com/chalk/wrap-ansi"
"wrap-ansi@9.0.0","MIT","https://github.com/chalk/wrap-ansi"
"wrappy@1.0.2","ISC","https://github.com/npm/wrappy"
"ws@8.17.1","MIT","https://github.com/websockets/ws"
"xmlbuilder@12.0.0","MIT","https://github.com/oozcitak/xmlbuilder-js"
"y18n@4.0.3","ISC","https://github.com/yargs/y18n"
"y18n@5.0.8","ISC","https://github.com/yargs/y18n"
"yallist@3.1.1","ISC","https://github.com/isaacs/yallist"
"yallist@4.0.0","ISC","https://github.com/isaacs/yallist"
"yargs-parser@18.1.3","ISC","https://github.com/yargs/yargs-parser"
"yargs-parser@20.2.9","ISC","https://github.com/yargs/yargs-parser"
"yargs-parser@21.1.1","ISC","https://github.com/yargs/yargs-parser"
"yargs@15.4.1","MIT","https://github.com/yargs/yargs"
"yargs@16.2.0","MIT","https://github.com/yargs/yargs"
"yargs@17.7.2","MIT","https://github.com/yargs/yargs"
"yocto-queue@0.1.0","MIT","https://github.com/sindresorhus/yocto-queue"
"yocto-queue@1.0.0","MIT","https://github.com/sindresorhus/yocto-queue"
"yoctocolors-cjs@2.1.2","MIT","https://github.com/sindresorhus/yoctocolors"
"zone.js@0.14.10","MIT","https://github.com/angular/angular"
